City_ID,City,Lat,Lng,Max Temp,Humidity,Cloudiness,Wind Speed,Country,Date
0,tiksi,71.6872,128.8694,271.55,83,100,4.09,RU,1685053255
1,zhigalovo,54.8097,105.1578,276.83,90,100,1.34,RU,1685053854
2,tofol,5.3248,163.0078,301.27,78,80,4.26,FM,1685053263
3,college,64.8569,-147.8028,295.42,32,75,4.63,US,1685053008
4,ribeira grande,38.5167,-28.7,290.25,82,41,4.92,PT,1685053854
5,albany,42.6001,-73.9662,291.93,43,41,0.45,US,1685053837
6,port-aux-francais,-49.35,70.2167,279.21,98,89,10.24,TF,1685053854
7,pisco,-13.7,-76.2167,296.18,68,100,3.09,PE,1685053263
8,enriquillo,17.9,-71.2333,303.97,69,4,2.7,DO,1685053270
9,rongelap,11.1635,166.8941,301.06,78,100,8.76,MH,1685053279
10,daru,-9.0763,143.2092,298.67,87,100,5.86,PG,1685053266
11,ilulissat,69.2167,-51.1,275.16,51,0,1.54,GL,1685053854
12,sitka,57.0531,-135.33,286.09,82,100,1.54,US,1685053255
13,new norfolk,-42.7826,147.0587,281.88,79,95,3.74,AU,1685053854
14,punta arenas,-53.15,-70.9167,276.21,81,75,7.2,CL,1685053260
15,puerto natales,-51.7236,-72.4875,273.48,91,98,2.45,CL,1685053771
16,hermanus,-34.4187,19.2345,282.48,80,36,4.44,ZA,1685053854
17,greenwood,34.1668,-82.1165,298.61,45,0,6.17,US,1685053854
18,novyy urgal,51.0736,132.5642,287.91,82,95,2.62,RU,1685053854
19,fale old settlement,-9.3852,-171.2468,301.61,74,18,4.62,TK,1685053854
20,waitangi,-43.9535,-176.5597,287.49,83,11,2.24,NZ,1685053854
21,edinburgh of the seven seas,-37.0676,-12.3116,289.58,82,45,10.55,SH,1685053854
22,vrangel',42.7297,133.0839,285.65,82,100,4.52,RU,1685053855
23,shalqar,47.8333,59.6,293.36,32,1,3.43,KZ,1685053855
24,starachowice,51.0374,21.0713,289.01,81,100,3.17,PL,1685053855
25,iqaluit,63.7506,-68.5145,275.0,74,75,4.63,CA,1685053855
26,invercargill,-46.4,168.35,286.19,79,100,4.3,NZ,1685053855
27,flying fish cove,-10.4217,105.6791,298.97,88,100,5.66,CX,1685053855
28,aasiaat,68.7098,-52.8699,272.97,79,2,2.31,GL,1685053202
29,wailua homesteads,22.0669,-159.378,300.39,71,75,6.69,US,1685053855
30,beloyarskiy,63.7119,66.6722,288.35,59,100,3.39,RU,1685053855
31,blackmans bay,-43.0167,147.3167,281.22,76,74,3.43,AU,1685053855
32,georgetown,5.4112,100.3354,300.12,86,20,1.03,MY,1685053855
33,polyarnyy,69.1989,33.4478,281.51,59,4,4.28,RU,1685053264
34,lihue,21.9789,-159.3672,300.73,71,75,6.69,US,1685053855
35,longyearbyen,78.2186,15.6401,273.06,86,100,10.29,SJ,1685053855
36,kwang binh,17.4833,106.6,299.45,76,42,1.22,VN,1685053855
37,port saint john's,-31.6229,29.5448,293.78,75,76,1.61,ZA,1685053262
38,badger,64.8,-147.5333,295.37,30,75,4.63,US,1685053855
39,udachny,66.4167,112.4,274.51,63,99,4.87,RU,1685053855
40,hawaiian paradise park,19.5933,-154.9731,299.88,79,75,6.69,US,1685053856
41,adamstown,-25.066,-130.1015,296.5,68,49,2.37,PN,1685053856
42,gola gokarannath,28.0833,80.4667,297.87,65,23,2.73,IN,1685053856
43,mil'kovo,55.6078,37.7956,287.62,91,41,2.31,RU,1685053856
44,umba,66.6871,34.3429,278.8,71,1,3.19,RU,1685053856
45,bonthe,7.5264,-12.505,300.2,83,100,2.71,SL,1685053856
46,puerto leguizamo,-0.1934,-74.7819,297.25,95,90,1.15,CO,1685053856
47,pauri,30.15,78.7833,286.48,83,23,1.82,IN,1685053856
48,togur,58.3631,82.8265,277.89,63,16,1.64,RU,1685053856
49,afaahiti,-17.75,-149.2833,302.08,76,30,4.09,PF,1685053258
50,fortuna,40.5982,-124.1573,286.29,94,40,7.72,US,1685053257
51,kavaratti,10.5669,72.642,302.43,73,11,4.2,IN,1685053856
52,fort morgan,40.2503,-103.8,297.74,60,40,7.2,US,1685053856
53,magadan,59.5667,150.8,279.56,69,19,1.04,RU,1685053856
54,howard springs,-12.497,131.047,292.1,65,39,3.98,AU,1685053856
55,bansgaon,26.5586,83.3481,298.1,65,0,2.38,IN,1685053856
56,west island,-12.1568,96.8225,300.14,78,40,5.66,CC,1685053645
57,xinzhou,38.4092,112.7333,292.25,32,100,0.49,CN,1685053856
58,dunedin,-45.8742,170.5036,289.71,46,100,1.79,NZ,1685053829
59,queenstown,-31.8976,26.8753,283.44,69,67,8.77,ZA,1685053274
60,kingscliff,-28.2667,153.5667,291.04,72,15,4.12,AU,1685053856
61,saint-paul,-21.0096,55.2707,295.21,99,100,1.65,RE,1685053198
62,hilo,19.7297,-155.09,300.0,82,75,6.69,US,1685053717
63,san patricio,28.017,-97.5169,305.12,54,46,7.16,US,1685053857
64,whitehorse,60.7161,-135.0538,289.16,34,100,8.75,CA,1685053857
65,port moresby,-9.4431,147.1797,297.25,93,100,1.66,PG,1685053857
66,bilibino,68.0546,166.4372,282.34,57,95,0.39,RU,1685053857
67,ushuaia,-54.8,-68.3,274.96,80,20,4.63,AR,1685053558
68,nampula,-15.1165,39.2666,292.12,88,0,2.06,MZ,1685053857
69,olonkinbyen,70.9221,-8.7187,272.53,70,43,10.03,SJ,1685053857
70,utrik,11.2278,169.8474,301.08,80,100,8.59,MH,1685053857
71,grytviken,-54.2811,-36.5092,275.28,99,100,1.64,GS,1685053857
72,bengkulu,-3.8004,102.2655,298.08,87,69,1.68,ID,1685053857
73,nkove,-7.95,30.85,297.12,65,84,3.14,TZ,1685053857
74,wenchang,30.904,118.4887,295.18,83,100,1.8,CN,1685053857
75,empalme,27.9667,-110.8167,307.23,40,40,7.72,MX,1685053857
76,vredendal,-31.6683,18.5012,284.41,78,7,3.47,ZA,1685053857
77,port mathurin,-19.6833,63.4167,298.55,75,4,5.84,MU,1685053857
78,luganville,-15.5333,167.1667,298.45,65,70,2.13,VU,1685053857
79,jamestown,42.097,-79.2353,289.55,52,0,5.66,US,1685053811
80,harmanli,41.9333,25.9,290.84,89,39,1.48,BG,1685053857
81,kolonia,50.9333,6.95,286.46,76,0,1.03,DE,1685053646
82,aleksandrovsk-sakhalinskiy,50.8975,142.1561,279.37,92,100,9.86,RU,1685053857
83,cordeiro,-22.0286,-42.3608,289.99,96,13,1.89,BR,1685053857
84,palmer,42.1584,-72.3287,292.12,40,20,5.66,US,1685053055
85,hanceville,34.0607,-86.7675,300.72,74,70,2.06,US,1685053857
86,lisieux,49.1667,0.1667,285.46,93,8,5.46,FR,1685053857
87,morondava,-20.2833,44.2833,294.01,70,0,1.99,MG,1685053857
88,vilyuchinsk,52.9306,158.4028,284.3,81,91,2.0,RU,1685053264
89,abu,24.6,72.7,293.79,78,16,6.33,IN,1685053858
90,bredasdorp,-34.5322,20.0403,282.17,86,51,4.09,ZA,1685053858
91,touros,-5.1989,-35.4608,299.01,85,82,6.08,BR,1685053279
92,buala,-8.145,159.5921,298.66,86,100,3.17,SB,1685053858
93,chibougamau,49.9168,-74.3659,286.94,30,0,4.63,CA,1685053040
94,vernon,50.2581,-119.2691,295.89,50,100,0.89,CA,1685053269
95,mossendjo,-2.9506,12.7261,294.68,100,96,0.74,CG,1685053858
96,acarau,-2.8856,-40.12,301.04,77,40,6.48,BR,1685053858
97,happy valley-goose bay,53.3168,-60.3315,282.32,49,40,6.17,CA,1685053812
98,abepura,-2.6333,140.5833,300.6,78,20,1.54,ID,1685053858
99,kingston,17.997,-76.7936,303.82,74,20,1.54,JM,1685053858
100,island harbour,50.724,-1.2758,287.03,81,42,0.89,GB,1685053260
101,talnakh,69.4865,88.3972,273.82,96,91,4.06,RU,1685053858
102,tsiombe,-25.3,45.4833,292.63,72,2,5.01,MG,1685053278
103,borogontsy,62.6683,131.1683,280.46,60,22,2.07,RU,1685053263
104,susuman,62.7833,148.1667,278.37,55,19,1.17,RU,1685053259
105,crane,31.3974,-102.3501,303.11,44,51,6.71,US,1685053265
106,bijapur,16.8333,75.7,299.33,59,2,7.5,IN,1685053273
107,port lincoln,-34.7333,135.8667,284.87,69,100,3.0,AU,1685053858
108,darwin,-12.4611,130.8418,292.14,72,29,3.09,AU,1685053805
109,ust'-ordynskiy,52.805,104.7508,275.21,96,100,3.52,RU,1685053858
110,opuwo,-18.0607,13.84,289.55,47,41,1.54,NA,1685053277
111,santa marta,11.2408,-74.199,304.2,72,75,2.06,CO,1685053731
112,sisimiut,66.9395,-53.6735,273.29,83,89,4.61,GL,1685053263
113,coquimbo,-29.9533,-71.3436,289.0,88,75,3.6,CL,1685053094
114,kodiak,57.79,-152.4072,280.88,71,100,3.09,US,1685053858
115,yulinshi,38.2906,109.7494,291.09,28,100,3.43,CN,1685053858
116,ursulo galvan,22.7333,-98.3,307.32,64,13,8.54,MX,1685053858
117,aykhal,66.0,111.5,271.76,86,100,2.41,RU,1685053263
118,hasaki,35.7333,140.8333,293.31,59,61,5.12,JP,1685053858
119,beacon square,28.2086,-82.7554,301.47,74,99,3.13,US,1685053858
120,vorgashor,67.5833,63.95,286.79,75,98,5.28,RU,1685053859
121,mount gambier,-37.8333,140.7667,283.86,67,99,2.88,AU,1685053859
122,wokha,26.1,94.2667,285.56,97,56,0.65,IN,1685053859
123,pulandian,39.3953,121.9669,291.96,67,0,3.59,CN,1685053859
124,alofi,-19.0595,-169.9187,296.09,88,100,2.06,NU,1685053859
125,pukchil-lodongjagu,40.2019,125.7483,289.02,65,17,1.72,KP,1685053859
126,akureyri,65.6835,-18.0878,282.11,46,75,3.09,IS,1685053859
127,papatowai,-46.5619,169.4708,288.18,62,100,5.91,NZ,1685053859
128,valparaiso,-33.0393,-71.6273,289.28,70,75,4.12,CL,1685053859
129,hithadhoo,-0.6,73.0833,301.78,68,19,4.51,MV,1685053859
130,kone,-21.0595,164.8658,295.55,50,0,1.73,NC,1685053268
131,sovetskiy,61.3614,63.5842,287.09,69,78,3.28,RU,1685053859
132,lensk,60.7253,114.9278,282.76,43,46,2.86,RU,1685053859
133,ust-tsilma,65.441,52.1498,288.24,91,77,2.59,RU,1685053859
134,arica,-18.475,-70.3042,293.9,73,100,5.14,CL,1685053859
135,port elizabeth,-33.918,25.5701,286.54,85,20,7.72,ZA,1685053859
136,revda,56.801,59.9303,288.47,61,62,1.46,RU,1685053859
137,buka,40.8108,69.1986,292.04,33,100,3.08,UZ,1685053269
138,lazaro cardenas,17.9583,-102.2,303.21,64,14,5.38,MX,1685053859
139,kolpashevo,58.3131,82.9089,277.87,63,16,1.64,RU,1685053859
140,sol'-iletsk,51.1631,54.9918,290.19,43,5,2.93,RU,1685053859
141,kwale,5.7063,6.4374,297.84,97,99,1.54,NG,1685053859
142,coyhaique,-45.5752,-72.0662,274.49,80,75,1.54,CL,1685053860
143,malango,-2.9627,119.9001,292.35,98,94,0.76,ID,1685053267
144,hamilton,39.1834,-84.5333,295.33,32,0,5.66,US,1685053860
145,kiffa,16.6166,-11.4045,304.4,42,53,3.9,MR,1685053860
146,sierra grande,-41.606,-65.3557,284.76,43,45,4.92,AR,1685053604
147,st. john's,47.5649,-52.7093,278.03,93,100,3.09,CA,1685053736
148,puerto ayora,-0.7393,-90.3518,304.13,88,33,4.47,EC,1685053860
149,phan rang-thap cham,11.5667,108.9833,298.58,79,80,1.82,VN,1685053833
150,novodvinsk,64.4165,40.8122,282.42,84,64,2.75,RU,1685053860
151,san rafael del yuma,18.4299,-68.6739,303.26,75,12,3.28,DO,1685053860
152,nalhati,24.3,87.8167,298.64,77,9,2.04,IN,1685053860
153,dishna,26.1247,32.476,303.15,12,63,3.26,EG,1685053860
154,mejit,10.2753,170.8646,300.94,79,100,9.04,MH,1685053261
155,otjiwarongo,-20.4637,16.6477,286.0,48,32,2.38,NA,1685053771
156,nguruka,-5.1092,31.0419,291.98,72,56,1.23,TZ,1685053860
157,bethel,41.3712,-73.414,293.32,46,0,4.63,US,1685053641
158,constitucion,-35.3333,-72.4167,286.16,76,26,3.33,CL,1685053856
159,kaa-khem,51.6833,94.7333,279.48,47,99,0.13,RU,1685053860
160,progreso,21.2833,-89.6667,305.21,73,0,5.73,MX,1685053860
161,geraldton,-28.7667,114.6,284.38,66,7,2.06,AU,1685053263
162,panama city beach,30.1766,-85.8055,302.04,37,0,5.14,US,1685053860
163,galveston,29.3669,-94.9669,304.83,57,3,0.45,US,1685053860
164,huarmey,-10.0681,-78.1522,296.64,73,56,4.87,PE,1685053267
165,nahiyat al fuhud,30.9697,46.7228,303.51,29,19,3.37,IQ,1685053860
166,remire-montjoly,4.9167,-52.2667,298.17,94,40,1.03,GF,1685053860
167,keflavik,64.0049,-22.5624,280.39,76,75,7.2,IS,1685053268
168,tillaberi,14.2117,1.4531,308.82,23,5,4.37,NE,1685053860
169,sao jose da coroa grande,-8.8978,-35.1478,298.69,82,13,3.94,BR,1685053263
170,nemuro,43.3236,145.575,282.15,85,0,2.59,JP,1685053861
171,iskateley,67.6803,53.1512,288.04,92,80,6.15,RU,1685053861
172,kirensk,57.7853,108.1119,276.79,95,100,1.54,RU,1685053861
173,carnarvon,-24.8667,113.6333,293.21,59,100,9.1,AU,1685053861
174,hofors,60.5457,16.2867,284.25,53,88,1.88,SE,1685053861
175,passi,11.15,122.65,297.94,85,100,0.57,PH,1685053861
176,east london,-33.0153,27.9116,289.99,81,99,10.64,ZA,1685053264
177,huntertown,41.2284,-85.1725,292.76,30,0,5.66,US,1685053797
178,ojinaga,29.5667,-104.4167,307.91,40,0,5.14,MX,1685053861
179,portland,45.5234,-122.6762,302.39,39,20,6.69,US,1685053567
180,prince george,53.9166,-122.753,297.73,39,0,3.6,CA,1685053861
181,sinop,41.7711,34.8709,285.31,91,95,1.31,TR,1685053861
182,ostrov,57.3439,28.3537,289.0,92,44,2.77,RU,1685053861
183,milton keynes,52.0417,-0.7558,284.79,81,51,3.25,GB,1685053861
184,la foa,-21.7108,165.8276,295.72,45,0,1.12,NC,1685053861
185,nova vicosa,-17.8919,-39.3719,293.82,97,32,1.07,BR,1685053862
186,topeka,39.0483,-95.678,301.94,65,40,4.12,US,1685053645
187,castillos,-34.1667,-53.8333,294.03,69,64,3.22,UY,1685053278
188,balad,34.0164,44.1453,298.1,53,56,8.2,IQ,1685053862
189,nuku'alofa,-21.1333,-175.2,296.34,78,100,3.09,TO,1685053862
190,margaret river,-33.95,115.0667,281.86,80,0,4.55,AU,1685053862
191,guiuan,11.0333,125.7247,299.61,88,83,0.83,PH,1685053862
192,stanley,54.868,-1.6985,285.87,84,0,0.51,GB,1685053862
193,constantia,44.1833,28.65,290.76,88,59,2.99,RO,1685053274
194,avarua,-21.2078,-159.775,298.18,88,3,4.12,CK,1685053862
195,bafq,31.6128,55.4107,300.45,28,97,1.7,IR,1685053862
196,saipan,15.1355,145.701,301.54,100,75,6.69,MP,1685053862
197,princeville,45.7668,-61.2985,279.44,97,100,2.57,CA,1685053862
198,laojunmiao,39.8333,97.7333,283.75,24,55,1.18,CN,1685053275
199,toliara,-23.35,43.6667,293.82,66,0,6.17,MG,1685053269
200,laguna,38.421,-121.4238,300.55,49,0,7.72,US,1685053863
201,port alfred,-33.5906,26.891,285.47,92,93,4.02,ZA,1685053863
202,strathmore,51.0501,-113.3852,291.68,45,95,5.14,CA,1685053800
203,mount pearl,47.5166,-52.7813,277.57,93,100,3.09,CA,1685053863
204,enewetak,11.3474,162.3373,301.08,77,97,6.9,MH,1685053863
205,sinan,34.8262,126.1086,291.21,86,88,5.26,KR,1685053863
206,isafjordur,66.0755,-23.124,277.9,73,95,2.63,IS,1685053863
207,tamanrasset,22.785,5.5228,299.1,22,0,4.63,DZ,1685053863
208,tindouf,27.6711,-8.1474,297.4,33,0,6.17,DZ,1685053863
209,quellon,-43.1167,-73.6167,278.29,93,75,3.6,CL,1685053863
210,wladyslawowo,54.7909,18.4009,285.68,86,0,6.58,PL,1685053863
211,cannonvale,-20.2833,148.7,293.81,70,54,4.28,AU,1685053863
212,bogra,24.85,89.3667,297.49,88,75,2.35,BD,1685053863
213,nema,57.5067,50.5011,289.86,71,62,4.16,RU,1685053863
214,vilyuysk,63.7553,121.6247,278.7,59,14,3.94,RU,1685053863
215,papao,-17.75,-149.55,302.97,73,5,2.77,PF,1685053863
216,trujillo,-8.116,-79.03,299.13,65,20,4.63,PE,1685053798
217,atafu village,-8.5421,-172.5159,301.81,72,16,4.94,TK,1685053864
218,hauterive,46.0901,3.4459,285.57,93,6,1.09,FR,1685053864
219,mirnyy,62.5353,113.9611,277.17,69,99,4.02,RU,1685053864
220,arraial do cabo,-22.9661,-42.0278,295.07,94,0,4.12,BR,1685053864
221,qamdo,31.1667,97.2333,275.97,59,5,2.42,CN,1685053864
222,panacan,9.2463,118.4082,300.54,77,80,1.12,PH,1685053864
223,tynda,55.1667,124.7167,282.91,52,100,5.43,RU,1685053864
224,arkhangel'sk,64.5401,40.5433,281.86,87,40,2.89,RU,1685053864
225,edinet,48.1681,27.305,287.43,73,21,2.72,MD,1685053864
226,ar ruways,24.1103,52.7306,302.98,46,53,2.17,AE,1685053864
227,westport,41.1415,-73.3579,293.3,44,27,4.02,US,1685053847
228,nova sintra,14.8667,-24.7167,293.89,83,96,7.09,CV,1685053864
229,ust-nera,64.5667,143.2,277.83,60,39,1.87,RU,1685053864
230,borzya,50.3833,116.5167,279.63,40,1,8.36,RU,1685053864
231,dzhetygara,52.1908,61.2006,290.47,38,25,1.56,KZ,1685053864
232,beira,-19.8436,34.8389,293.2,100,0,3.05,MZ,1685053865
233,basco,20.4487,121.9702,300.18,75,76,7.09,PH,1685053865
234,yellowknife,62.456,-114.3525,287.44,51,40,4.12,CA,1685053865
235,villamontes,-21.25,-63.5,298.43,69,82,0.86,BO,1685053865
236,minusinsk,53.7103,91.6875,280.16,58,90,1.97,RU,1685053693
237,sao vicente,-23.9631,-46.3919,297.74,26,4,0.79,BR,1685053865
238,neya,58.2972,43.8681,287.37,96,100,2.34,RU,1685053865
239,bandarbeyla,9.4942,50.8122,301.11,79,17,8.12,SO,1685053865
240,tomatlan,19.9333,-105.25,309.49,23,91,5.85,MX,1685053865
241,kupang,-10.1667,123.5833,297.47,83,20,4.12,ID,1685053865
242,pustoshka,56.3355,29.369,286.61,89,82,2.39,RU,1685053865
243,ambon,-3.6954,128.1814,302.23,74,40,2.06,ID,1685053865
244,mugia,43.1041,-9.2179,289.91,78,0,11.01,ES,1685053865
245,moyynkum,44.2914,72.9469,289.62,31,2,1.99,KZ,1685053865
246,richards bay,-28.783,32.0377,296.28,63,2,7.42,ZA,1685053865
247,puerto deseado,-47.7503,-65.8938,280.48,34,3,8.05,AR,1685053865
248,leava,-14.3,-178.1667,300.88,80,100,8.65,WF,1685053866
249,mili,6.0815,171.735,301.86,76,18,7.88,MH,1685053866
250,tazovsky,67.4667,78.7,276.87,85,100,4.86,RU,1685053866
251,uacu cungo,-11.3634,15.1208,291.3,67,53,0.37,AO,1685053866
252,lesnoy,57.6198,63.0784,285.58,71,4,2.37,RU,1685053866
253,bay harbor,30.1471,-85.6146,302.01,37,20,4.63,US,1685053866
254,qaqortoq,60.7167,-46.0333,273.85,100,100,0.33,GL,1685053866
255,codrington,-38.2667,141.9667,283.93,67,100,6.49,AU,1685053276
256,luumaki,60.9262,27.5814,283.18,65,35,3.09,FI,1685053866
257,rajin,42.2489,130.3003,286.06,94,100,2.44,KP,1685053866
258,morbegno,46.1383,9.57,290.66,83,6,2.19,IT,1685053866
259,san sebastian de la gomera,28.0916,-17.1133,293.92,72,75,0.51,ES,1685053866
260,kerikeri,-35.2268,173.9474,289.21,94,17,1.87,NZ,1685053866
261,fort bragg,35.139,-79.006,295.06,61,100,7.72,US,1685053866
262,itoman,26.1247,127.6694,296.58,73,20,3.09,JP,1685053866
263,nakonde,-9.3421,32.745,285.74,88,3,2.55,ZM,1685053866
264,avigliano,40.7329,15.72,284.08,88,63,1.04,IT,1685053680
265,santa maria,-29.6842,-53.8069,292.76,83,0,2.57,BR,1685053866
266,puerto colombia,10.9878,-74.9547,303.2,81,41,4.01,CO,1685053867
267,khilok,51.3674,110.4676,277.01,60,97,5.83,RU,1685053867
268,alaghsas,17.0187,8.0168,308.42,17,24,2.08,NE,1685053867
269,beidaihehaibin,39.8222,119.5181,290.33,71,7,4.21,CN,1685053867
270,khark,29.2614,50.3306,301.12,70,30,5.5,IR,1685053867
271,tubarjal,30.4999,38.216,296.3,33,0,4.97,SA,1685053867
272,taulaga,-11.0553,-171.0883,301.05,76,84,4.38,AS,1685053867
273,lebu,-37.6167,-73.65,285.4,86,69,8.36,CL,1685053867
274,tingi,-11.3,35.0333,287.74,72,0,1.34,TZ,1685053867
275,howrah,22.5892,88.3103,298.15,83,75,4.12,IN,1685053271
276,timimoun,29.2639,0.231,301.36,14,0,2.06,DZ,1685053867
277,neon karlovasion,37.7903,26.7044,292.54,80,0,1.54,GR,1685053867
278,holualoa,19.6228,-155.9522,298.03,75,75,5.66,US,1685053867
279,kalmunai,7.4167,81.8167,299.76,84,1,1.2,LK,1685053867
280,borkum,53.5809,6.6915,284.12,71,0,7.94,DE,1685053867
281,antigonish,45.6169,-61.9986,279.9,97,100,3.43,CA,1685053788
282,belyy yar,53.6039,91.3903,280.09,45,0,3.0,RU,1685053278
283,sao joao da barra,-21.6403,-41.0511,294.2,84,4,4.0,BR,1685053867
284,mikashevichy,52.2173,27.476,286.85,75,48,2.32,BY,1685053867
285,logten,56.2746,10.3118,281.01,80,1,4.12,DK,1685053867
286,baise city,23.8997,106.6133,297.48,94,20,1.45,CN,1685053868
287,petropavlovsk-kamchatsky,53.0452,158.6483,283.48,66,20,1.0,RU,1685053868
288,rubtsovsk,51.5,81.25,281.39,61,100,4.43,RU,1685053868
289,kirakira,-10.4544,161.9205,298.61,89,100,2.52,SB,1685053868
290,renfrew,55.872,-4.3925,284.57,87,10,3.6,GB,1685053868
291,san martin de valdeiglesias,40.3623,-4.3439,288.7,90,96,5.25,ES,1685053868
292,grand falls-windsor,48.9332,-55.6649,276.76,91,100,2.24,CA,1685053277
293,tura,25.5198,90.2201,293.67,95,99,1.73,IN,1685053868
294,tezu,27.9167,96.1667,294.07,96,85,1.65,IN,1685053868
295,ankazoabo,-22.2833,44.5167,289.23,76,0,2.33,MG,1685053868
296,dhuusamarreeb,5.535,46.3861,299.01,72,44,6.25,SO,1685053868
297,weno,7.4515,151.8468,301.59,75,93,3.85,FM,1685053868
298,busembatia,0.7697,33.6131,291.43,93,53,1.89,UG,1685053868
299,porto novo,6.4965,2.6036,302.05,85,81,2.13,BJ,1685053868
300,chernyshevsk,52.5243,117.0174,280.1,57,93,5.13,RU,1685053868
301,lubuklinggau,-3.3,102.8667,296.14,99,89,0.54,ID,1685053868
302,mawlaik,23.6333,94.4167,297.11,75,4,0.4,MM,1685053869
303,tekkali,18.6167,84.2333,299.54,73,53,3.15,IN,1685053869
304,usinsk,65.9939,57.5281,289.67,77,16,8.17,RU,1685053869
305,anadyr,64.75,177.4833,273.43,100,100,3.0,RU,1685053869
306,laibin,23.7,109.2667,298.11,92,24,1.83,CN,1685053869
307,mabaruma,8.2,-59.7833,299.09,86,33,2.4,GY,1685053869
308,galliano,29.4422,-90.2992,302.15,45,0,4.12,US,1685053869
309,santa ana de yacuma,-13.75,-65.4333,303.12,70,40,2.06,BO,1685053869
310,karkira,36.9292,6.5856,289.09,91,22,1.16,DZ,1685053869
311,kharabali,47.4196,47.2568,294.94,46,65,2.41,RU,1685053869
312,flin flon,54.7682,-101.865,287.06,94,100,3.09,CA,1685053869
313,dwarka,22.2394,68.9678,301.22,87,17,10.15,IN,1685053795
314,hede,33.7681,120.2517,292.29,81,82,2.14,CN,1685053869
315,namibe,-15.1961,12.1522,293.16,73,0,3.71,AO,1685053869
316,marsh harbour,26.5412,-77.0636,299.62,70,32,0.63,BS,1685053869
317,itaituba,-4.2761,-55.9836,305.24,62,40,4.12,BR,1685053869
318,kismayo,-0.3582,42.5454,299.58,77,7,6.19,SO,1685053869
319,pauini,-7.7136,-66.9764,295.28,97,100,0.81,BR,1685053870
320,santa ana,33.7456,-117.8678,297.57,61,75,4.12,US,1685053718
321,chui,-33.6971,-53.4616,292.9,77,63,2.79,UY,1685053870
322,mitu,1.1983,-70.1733,296.68,97,90,0.91,CO,1685053870
323,kapuskasing,49.4169,-82.4331,292.2,22,75,2.57,CA,1685053870
324,guerrero negro,27.9769,-114.0611,292.09,59,94,8.69,MX,1685053870
325,wichian buri,15.6578,101.106,300.71,70,14,1.57,TH,1685053870
326,thompson,55.7435,-97.8558,286.24,94,100,1.54,CA,1685053852
327,lakatoro,-16.0999,167.4164,298.76,56,51,4.49,VU,1685053870
328,taguatinga,-12.3857,-46.5711,298.27,44,0,2.35,BR,1685053870
329,tolanaro,-25.0319,46.9987,291.19,77,75,2.06,MG,1685053870
330,luanda,-8.8368,13.2343,298.15,83,20,3.6,AO,1685053278
331,zouerate,22.7187,-12.4521,296.73,64,100,4.78,MR,1685053275
332,chitipa,-9.7024,33.2697,287.52,96,6,2.4,MW,1685053870
333,rio grande,-32.035,-52.0986,292.21,82,1,4.14,BR,1685053870
334,colonia,50.9333,6.95,286.46,76,0,1.03,DE,1685053270
335,khemis miliana,36.261,2.2202,288.57,88,40,1.77,DZ,1685053870
336,nuporanga,-20.7308,-47.7306,294.92,55,49,3.72,BR,1685053871
337,coari,-4.085,-63.1414,299.55,84,97,0.93,BR,1685053871
338,vila franca do campo,37.7167,-25.4333,290.38,83,26,3.23,PT,1685053276
339,bullhead city,35.1478,-114.5683,309.83,8,40,8.23,US,1685053871
340,live oak,36.9836,-121.9805,297.09,77,100,4.63,US,1685053871
341,demba,-5.51,22.2667,295.36,74,43,0.68,CD,1685053871
342,swakopmund,-22.6833,14.5333,287.03,87,0,1.79,NA,1685053829
343,extrema,-22.8547,-46.3183,288.53,84,15,1.84,BR,1685053871
344,sinabang,2.4803,96.3801,299.51,83,95,1.57,ID,1685053871
345,inirida,3.8653,-67.9239,295.91,99,100,0.64,CO,1685053871
346,akjoujt,19.6969,-14.4164,299.31,58,98,8.24,MR,1685053871
347,belley,45.8333,5.6667,289.39,96,36,0.89,FR,1685053871
348,pontianak,-0.0333,109.3333,297.14,100,87,0.51,ID,1685053871
349,saint croix,17.7397,-64.7388,300.4,78,40,3.6,VI,1685053871
350,candiac,45.3834,-73.5159,292.21,23,0,7.2,CA,1685053847
351,linxia chengguanzhen,35.6003,103.2064,282.05,81,100,1.49,CN,1685053871
352,ta`u,-14.2336,-169.5144,300.83,74,31,5.2,AS,1685053871
353,tankara,22.6667,70.7333,300.91,78,18,9.0,IN,1685053871
354,carutapera,-1.195,-46.02,298.37,89,40,3.06,BR,1685053871
355,la passe,45.5549,-0.8967,289.28,78,0,7.39,FR,1685053871
356,serula,15.5333,73.8333,301.81,70,40,4.12,IN,1685053872
357,al jahra',29.3375,47.6581,306.42,38,1,2.48,KW,1685053872
358,fada,9.5667,8.3,295.26,86,94,0.66,NG,1685053872
359,tadine,-21.55,167.8833,295.88,62,7,5.24,NC,1685053872
360,ekibastuz,51.6667,75.3667,286.33,86,100,2.63,KZ,1685053872
361,uzhur,55.3036,89.8339,275.49,71,43,1.86,RU,1685053872
362,barrancabermeja,7.0653,-73.8547,302.33,74,20,2.57,CO,1685053872
363,beau vallon,-20.4189,57.6953,294.94,82,88,7.45,MU,1685053872
364,anna regina,7.2644,-58.5077,299.75,85,64,2.67,GY,1685053872
365,vorkuta,67.5,64.0,286.89,75,98,4.29,RU,1685053872
366,pierre,44.3683,-100.351,303.66,35,0,8.75,US,1685053872
367,hammerfest,70.6634,23.6821,279.4,56,75,9.26,NO,1685053872
368,shido,34.3233,134.1733,292.36,77,40,2.57,JP,1685053872
369,san antonio de pale,-1.4014,5.6325,299.38,86,99,7.15,GQ,1685053872
370,paraty,-23.2178,-44.7131,292.79,85,0,1.32,BR,1685053872
371,dire,12.2833,-10.9667,299.28,73,100,1.04,ML,1685053872
372,perugorria,-29.3413,-58.6106,294.02,76,12,4.5,AR,1685053872
373,marsabit,2.3284,37.9899,292.03,73,89,6.43,KE,1685053872
374,colonia menno,-22.3667,-59.8167,302.6,39,92,6.31,PY,1685053872
375,virginia beach,36.8529,-75.978,290.95,71,75,5.66,US,1685053661
376,champoton,19.35,-90.7167,302.19,60,1,4.88,MX,1685053655
377,san antonio,29.4241,-98.4936,304.25,57,75,5.66,US,1685053576
378,south hedland,-20.4089,118.5983,291.11,27,25,5.14,AU,1685053873
379,illizi,26.4833,8.4667,297.04,13,25,2.28,DZ,1685053669
380,yeppoon,-23.1333,150.7333,289.03,79,46,1.89,AU,1685053873
381,altai,46.3722,96.2583,277.26,74,100,1.21,MN,1685053873
382,malaryta,51.7905,24.074,286.74,90,33,2.0,BY,1685053873
383,bikenibeu village,1.3673,173.1241,301.13,89,100,1.54,KI,1685053873
384,delano,35.7688,-119.247,299.47,33,0,0.0,US,1685053841
385,morant bay,17.8815,-76.4093,303.94,74,0,2.47,JM,1685053873
386,jayapura,-2.5333,140.7,300.81,86,90,2.04,ID,1685053873
387,bhimunipatnam,17.8833,83.4333,300.18,73,81,3.5,IN,1685053873
388,boguchany,58.3814,97.4531,278.37,78,99,3.27,RU,1685053873
389,umluj,25.0213,37.2685,301.19,59,46,3.16,SA,1685053873
390,tromso,69.6496,18.957,277.16,75,75,10.29,NO,1685053873
391,al bayda',32.7627,21.7551,290.64,56,1,14.2,LY,1685053873
392,port maria,18.3685,-76.8895,304.27,65,10,1.81,JM,1685053873
393,ulladulla,-35.35,150.4667,285.13,83,100,5.22,AU,1685053874
394,waddan,29.1614,16.139,295.8,42,1,1.16,LY,1685053874
395,jaru,-10.4389,-62.4664,297.32,92,99,1.2,BR,1685053874
396,bodo,67.28,14.405,277.56,86,75,11.83,NO,1685053874
397,bakanas,44.8081,76.2772,290.63,28,0,1.04,KZ,1685053874
398,khasab,26.1799,56.2477,305.44,39,39,3.97,OM,1685053874
399,cefalu,38.0386,14.0229,293.45,77,99,0.45,IT,1685053874
400,kiama,-34.6833,150.8667,290.37,81,87,2.24,AU,1685053278
401,khandyga,62.6667,135.6,282.89,63,77,0.34,RU,1685053874
402,angol,-37.8,-72.7167,284.1,85,57,3.78,CL,1685053874
403,kashary,49.04,41.0056,289.61,86,58,1.93,RU,1685053874
404,ocos,14.5094,-92.1933,306.25,68,47,4.84,GT,1685053874
405,piacabucu,-10.4056,-36.4344,297.52,89,3,3.98,BR,1685053874
406,chernyshevskiy,63.0128,112.4714,276.6,67,38,4.37,RU,1685053874
407,araguaina,-7.1911,-48.2072,298.12,70,43,0.84,BR,1685053832
408,northam,51.0333,-4.2167,287.38,87,7,1.34,GB,1685053875
409,karaidel',55.8337,56.9069,288.34,58,34,1.19,RU,1685053875
410,bandar-e genaveh,29.5791,50.517,302.93,50,33,3.81,IR,1685053875
411,carbonear,47.7332,-53.2148,278.28,88,100,5.44,CA,1685053875
412,zaozersk,69.4005,32.4476,281.3,46,52,5.33,RU,1685053875
413,newman,37.3138,-121.0208,298.87,43,0,5.36,US,1685053875
414,camana,-16.6228,-72.7111,292.67,85,62,3.64,PE,1685053875
415,changyon,38.2508,125.0961,291.14,62,100,3.16,KP,1685053875
416,knezha,43.5,24.0833,287.69,92,75,1.36,BG,1685053875
417,xifeng,42.7372,124.7222,290.32,62,35,8.09,CN,1685053875
418,madagali,10.8902,13.6312,305.87,39,92,1.59,NG,1685053875
419,moose jaw,50.4001,-105.5344,292.3,72,100,6.69,CA,1685053875
420,viedma,-40.8135,-62.9967,287.36,46,100,4.31,AR,1685053875
421,arroyo seco,-33.1549,-60.5086,294.29,10,65,2.23,AR,1685053875
422,brookings,44.3114,-96.7984,301.15,36,0,7.2,US,1685053875
423,acapulco de juarez,16.8634,-99.8901,305.05,62,0,3.6,MX,1685053875
424,redencao,-4.2258,-38.7306,297.01,94,85,1.24,BR,1685053875
425,campo gallo,-26.5833,-62.85,299.01,60,84,4.33,AR,1685053876
426,vadso,70.0744,29.7487,280.64,53,0,2.57,NO,1685053876
427,maun,-19.9833,23.4167,287.13,62,27,1.03,BW,1685053876
428,nacala,-14.5428,40.6728,293.19,82,0,3.06,MZ,1685053876
429,nevel'sk,46.6733,141.8633,285.27,65,61,9.37,RU,1685053876
430,kenora,49.8167,-94.4337,298.69,36,20,6.17,CA,1685053876
431,adrar,20.5022,-10.0711,299.52,42,100,6.97,MR,1685053876
432,okhotsk,59.3833,143.3,276.4,82,100,1.45,RU,1685053876
433,bacalar,18.6667,-88.3833,307.21,52,40,2.57,MX,1685053876
434,fisterra,42.9049,-9.2629,289.83,74,0,9.8,ES,1685053876
435,shanwei,22.782,115.3475,298.91,88,92,3.49,CN,1685053876
436,wewak,-3.5534,143.6268,299.94,78,93,1.75,PG,1685053876
437,nouadhibou,20.931,-17.0347,292.14,94,100,7.2,MR,1685053877
438,olds,51.7834,-114.102,289.73,51,100,5.14,CA,1685053816
439,salinopolis,-0.6136,-47.3561,299.75,85,46,5.47,BR,1685053877
440,patamda,24.3,85.4167,297.73,66,4,0.76,IN,1685053877
441,rio preto da eva,-2.6994,-59.6997,297.86,93,77,1.15,BR,1685053877
442,santa marta de ortigueira,43.6833,-7.85,288.29,83,13,1.34,ES,1685053877
443,asadabad,34.7824,48.1185,287.12,85,100,2.53,IR,1685053877
444,ashgabat,37.95,58.3833,300.07,14,86,6.17,TM,1685053877
445,melekeok village,7.4957,134.6367,300.46,89,100,5.14,PW,1685053877
446,la ronge,55.1001,-105.2842,291.29,55,75,2.57,CA,1685053877
447,iguai,-14.7564,-40.0892,293.02,98,79,2.12,BR,1685053877
448,novo oriente,-5.5344,-40.7742,297.69,55,87,0.55,BR,1685053877
449,akwanga,8.9167,8.3833,296.96,84,85,1.36,NG,1685053877
450,hirara,24.8,125.2833,298.07,88,20,3.09,JP,1685053878
451,santa helena de goias,-17.8136,-50.5969,294.29,58,6,2.21,BR,1685053878
452,taoudenni,22.6783,-3.9836,305.04,19,84,4.14,ML,1685053878
453,sola,-13.8833,167.55,299.49,65,100,7.99,VU,1685053878
454,plettenberg bay,-34.0527,23.3716,285.46,77,95,7.47,ZA,1685053878
455,nar'yan-mar,67.6713,53.087,288.32,90,73,6.21,RU,1685053878
456,bovalino,38.149,16.174,292.12,65,100,1.65,IT,1685053878
457,gavle,60.6745,17.1417,282.78,55,90,2.45,SE,1685053878
458,crucecita,-28.95,-58.9833,294.46,74,20,3.69,AR,1685053878
459,narasannapeta,18.4167,84.05,299.7,74,72,3.41,IN,1685053878
460,aleg,17.0481,-13.9209,306.96,33,100,4.16,MR,1685053590
461,el calafate,-50.3408,-72.2768,273.16,80,49,2.69,AR,1685053878
462,grand-bassam,5.2118,-3.7388,301.13,87,80,2.37,CI,1685053878
463,meadow lakes,61.6247,-149.6011,287.84,64,0,1.54,US,1685053878
464,antsiranana,-12.2787,49.2917,295.2,92,3,2.71,MG,1685053878
465,villiers,-27.0303,28.6006,289.75,43,35,6.43,ZA,1685053879
466,taltal,-25.4,-70.4833,289.6,85,77,0.45,CL,1685053879
467,lib,8.3122,167.3766,300.34,77,100,8.13,MH,1685053879
468,alice springs,-23.7,133.8833,282.9,71,40,10.74,AU,1685053855
469,bhawanigarh,30.2667,76.035,301.48,49,21,2.33,IN,1685053879
470,hafar al-batin,28.4328,45.9708,302.47,32,0,3.09,SA,1685053879
471,maridi,4.9158,29.4742,294.7,78,66,2.42,SS,1685053879
472,thinadhoo,0.5333,72.9333,301.54,73,54,4.05,MV,1685053879
473,saint-felicien,48.6501,-72.4491,290.53,25,75,3.6,CA,1685053879
474,shemgang,27.2169,90.6579,286.15,98,100,0.78,BT,1685053879
475,evanston,42.0411,-87.6901,291.75,51,0,6.17,US,1685053671
476,mughal sarai,25.3,83.1167,300.89,56,14,2.22,IN,1685053879
477,lapinlahti,65.5833,30.5667,278.27,67,0,3.86,RU,1685053879
478,turtas,58.9417,69.1325,282.14,81,1,0.91,RU,1685053879
479,chernogorsk,53.8236,91.2842,279.91,45,0,3.0,RU,1685053879
480,caleta de carquin,-11.0925,-77.6267,295.42,77,46,5.65,PE,1685053879
481,cockburn town,21.4612,-71.1419,300.61,75,12,1.16,TC,1685053880
482,narvik,68.4384,17.4272,276.82,94,100,4.46,NO,1685053880
483,haiku-pauwela,20.9219,-156.3051,300.16,67,75,7.72,US,1685053880
484,xilin hot,43.9667,116.0333,284.1,62,70,1.13,CN,1685053880
485,mahmutlar,36.949,36.1923,291.06,69,2,0.78,TR,1685053880
486,lubango,-14.9172,13.4925,288.51,49,0,1.23,AO,1685053880
487,klyuchi,52.2667,79.1667,286.15,41,100,3.84,RU,1685053880
488,aksuat,48.7167,83.7,282.31,56,67,3.58,KZ,1685053880
489,kourou,5.1552,-52.6478,298.18,92,100,3.25,GF,1685053880
490,shimoda,34.6667,138.95,294.32,64,61,1.97,JP,1685053880
491,motygino,58.1831,94.7592,277.04,79,91,2.62,RU,1685053880
492,zarnesti,45.3,26.8667,287.63,77,76,2.86,RO,1685053880
493,punta del este,-34.9667,-54.95,294.75,85,0,1.54,UY,1685053665
494,banfora,10.6333,-4.7667,300.16,71,50,2.29,BF,1685053880
495,segou,13.4317,-6.2157,306.59,27,68,6.39,ML,1685053880
496,cooper's town,26.8667,-77.5167,299.42,67,3,0.25,BS,1685053880
497,sitia,35.2,26.0986,292.03,77,38,1.94,GR,1685053881
498,bamboo flat,11.7,92.7167,301.81,76,91,4.67,IN,1685053881
499,port augusta,-32.5,137.7667,283.97,69,84,3.13,AU,1685053881
500,kapa'a,22.0752,-159.319,301.14,71,75,6.69,US,1685053881
501,rancharia,-22.2292,-50.8931,292.01,65,0,3.53,BR,1685053881
502,galiakot,23.5167,74.0,302.5,56,37,4.39,IN,1685053881
503,berezovyy,51.6667,135.7,281.94,84,100,0.87,RU,1685053881
504,hobyo,5.3505,48.5268,300.94,77,24,6.76,SO,1685053881
505,praia da vitoria,38.7333,-27.0667,290.29,88,40,5.73,PT,1685053881
506,knyaze-volkonskoye,48.4642,135.4567,291.34,51,100,6.12,RU,1685053881
507,mbala,-8.8402,31.3659,287.29,69,15,4.01,ZM,1685053881
508,damavand,35.7178,52.065,292.19,39,100,2.33,IR,1685053881
509,harstad,68.799,16.5293,276.81,99,100,8.05,NO,1685053881
510,sorong,-0.8833,131.25,298.65,90,96,5.86,ID,1685053646
511,saldanha,-33.0117,17.9442,282.18,61,66,4.82,ZA,1685053881
512,dudinka,69.4058,86.1778,274.05,93,83,4.97,RU,1685053881
513,al muwayh,22.4333,41.7583,300.17,33,50,2.91,SA,1685053882
514,tidjikja,18.5564,-11.4271,302.86,32,100,5.35,MR,1685053882
515,mucur,39.0615,34.3829,285.16,79,99,1.17,TR,1685053882
516,gorontalo,0.5412,123.0595,297.82,92,100,0.59,ID,1685053882
517,walvis bay,-22.9575,14.5053,287.09,80,0,7.41,NA,1685053882
518,mana,5.6592,-53.7767,299.11,90,100,4.32,GF,1685053882
519,mina clavero,-31.721,-65.0062,288.7,97,69,3.79,AR,1685053882
520,san andres,12.5847,-81.7006,303.16,66,20,2.06,CO,1685053882
521,coracora,-15.0333,-73.7833,283.09,56,82,1.59,PE,1685053882
522,dryden,49.7833,-92.7503,297.31,29,0,7.2,CA,1685053882
523,zhenlai,45.8495,123.2973,292.3,38,7,6.5,CN,1685053882
524,priargunsk,50.3691,119.1012,283.35,40,57,6.57,RU,1685053882
525,carlsbad,33.1581,-117.3506,297.23,66,0,5.14,US,1685053621
526,wattegama,6.7989,81.4808,297.11,87,3,1.43,LK,1685053882
527,monze,-16.2833,27.4833,289.97,52,0,1.75,ZM,1685053883
528,steyr,48.0427,14.4213,289.14,68,22,0.86,AT,1685053883
529,luderitz,-26.6481,15.1594,284.97,83,0,4.22,NA,1685053883
530,chandler,33.3062,-111.8412,311.25,9,0,3.6,US,1685053883
531,fragagnano,40.4319,17.4722,293.68,62,100,2.55,IT,1685053883
532,christchurch,-43.5333,172.6333,287.77,59,50,2.57,NZ,1685053800
533,villa gesell,-37.2639,-56.973,291.51,97,100,6.72,AR,1685053883
534,horta,38.5333,-28.6333,289.83,82,68,4.92,PT,1685053695
535,sidi khaled,34.387,4.9879,296.55,45,57,4.21,DZ,1685053883
536,kolondieba,11.0882,-6.8926,299.64,71,91,2.4,ML,1685053883
537,belmonte,-15.8631,-38.8828,296.35,89,17,4.17,BR,1685053883
538,goderich,43.7501,-81.7165,286.33,58,0,5.14,CA,1685053883
539,schwarzenfeld,49.3894,12.1397,286.63,88,4,2.33,DE,1685053883
540,grand-bourg,15.8835,-61.3148,301.26,80,14,5.62,GP,1685053883
541,karatsu,33.4425,129.9697,293.09,33,61,1.98,JP,1685053883
542,cafayate,-26.073,-65.9761,292.23,45,35,1.67,AR,1685053883
543,cam ranh,11.9214,109.1591,298.13,88,20,1.03,VN,1685053884
544,suva,-18.1416,178.4415,294.86,94,75,2.06,FJ,1685053889
545,kousseri,12.0769,15.0306,306.13,46,88,2.06,CM,1685053889
546,peniche,39.3558,-9.3811,290.53,93,2,4.13,PT,1685053889
547,acatlan de perez figueroa,18.5333,-96.6167,304.37,55,80,2.86,MX,1685053889
548,pitimbu,-7.4706,-34.8086,298.48,76,85,5.54,BR,1685053889
549,anse a galets,18.8317,-72.8642,302.86,67,0,3.39,HT,1685053889
550,antalaha,-14.9003,50.2788,294.18,92,53,2.14,MG,1685053889
551,sterling,39.0062,-77.4286,295.14,35,0,2.57,US,1685053889
552,mossel bay,-34.1831,22.146,284.11,73,72,9.24,ZA,1685053889
553,nikel,69.4128,30.222,280.25,49,68,3.85,RU,1685053889
554,belle fourche,44.6714,-103.8522,300.65,47,100,7.9,US,1685053844
555,selfoss,63.9331,-20.9971,279.84,77,100,5.21,IS,1685053889
556,kani keli,-12.9536,45.1033,297.74,68,2,4.34,YT,1685053889
557,sao tome,0.3365,6.7273,300.17,89,20,6.17,ST,1685053889
558,tongliao,43.6125,122.2653,293.08,39,20,3.65,CN,1685053890
559,mirny,62.5353,113.9611,277.17,69,99,4.02,RU,1685053864
560,sheboygan,43.7333,-87.9334,292.14,40,0,5.14,US,1685053768
561,zaterechnyy,44.7931,45.2097,295.83,63,95,3.2,RU,1685053890
562,dhidhdhoo,6.8833,73.1,301.9,74,46,4.75,MV,1685053890
563,plastun,44.7561,136.2939,287.23,62,100,2.26,RU,1685053890
564,ribeira brava,32.65,-17.0667,291.5,75,53,1.24,PT,1685053890
565,ishikawa,26.4233,127.8214,296.56,77,0,3.09,JP,1685053890
566,ola,59.5833,151.2833,279.9,88,98,1.11,RU,1685053890
567,warrnambool,-38.3833,142.4833,284.84,66,97,7.03,AU,1685053890
568,sakaiminato,35.55,133.2333,294.11,60,75,3.09,JP,1685053890
569,corinto,37.9407,22.9573,291.42,70,0,1.06,GR,1685053711
570,turkmenbasy,40.0222,52.9552,303.58,11,0,6.17,TM,1685053890
571,ilfracombe,51.2093,-4.1134,289.01,87,23,0.45,GB,1685053890
572,fallon,39.4735,-118.7774,298.08,28,40,3.09,US,1685053890
573,kayangel,8.0823,134.7173,302.32,78,100,8.41,PW,1685053890
574,hengchun,22.0042,120.7439,299.73,80,22,5.16,TW,1685053890
